{"class_name": "Sequential", "config": [{"class_name": "LSTM", "config": {"inner_activation": "hard_sigmoid", "trainable": true, "inner_init": "orthogonal", "output_dim": 90, "unroll": false, "consume_less": "cpu", "init": "glorot_uniform", "dropout_U": 0.0, "input_dtype": "float32", "batch_input_shape": [null, 90, 24], "input_length": null, "dropout_W": 0.0, "activation": "tanh", "stateful": false, "b_regularizer": null, "U_regularizer": null, "name": "lstm_1", "go_backwards": false, "input_dim": 24, "return_sequences": false, "W_regularizer": {"l2": 0.009999999776482582, "name": "WeightRegularizer", "l1": 0.0}, "forget_bias_init": "one"}}, {"class_name": "Dropout", "config": {"p": 0.2, "trainable": true, "name": "dropout_1"}}, {"class_name": "Dense", "config": {"W_constraint": null, "b_constraint": null, "name": "dense_1", "activity_regularizer": null, "trainable": true, "init": "glorot_uniform", "bias": true, "input_dim": null, "b_regularizer": null, "W_regularizer": null, "activation": "softmax", "output_dim": 20}}]}